Genus_Species_Steenwyk2018	Genus_Species_Shen2018	Genus_Species_Shen2016	Strain_Peter2018Aspergillus_hancockii	Debaryomyces_hansenii	Schizosaccharomyces_pombe	SACE_YDOAspergillus_candidus	Cyberlindnera_americana	Arthrobotrys_oligospora	SACE_YDFAspergillus_campestris	Candida_mycetangii	Neurospora_crassa	SACE_YBYAspergillus_taichungensis	Cyberlindnera_petersonii	Fusarium_graminearum	BLQAspergillus_terreus	Cyberlindnera_fabianii	Geotrichum_candidum_3C	BKKPenicillium_steckii	Cyberlindnera_xylosilytica	Botrytis_cinerea	BIBPenicillium_citrinum	Cyberlindnera_jadinii	Sclerotinia_sclerotiorum	BKLPenicillium_paxilli	Candida_vartiovaarae	Stagonospora_nodorum	BIAPenicillium_sclerotiorum	Cyberlindnera_maclurae	Aspergillus_nidulans	BKTPenicillium_oxalicum	Cyberlindnera_misumaiensis	Xylona_heveae	BLAPenicillium_brasilianum	Cyberlindnera_mrakii	Lipomyces_starkeyi	BNEPenicillium_subrubescens	Cyberlindnera_saturnus	Tortispora_caseinolytica	BHVPenicillium_janthinellum	Cyberlindnera_suaveolens	Nadsonia_fulvescens	AGIPenicillium_decumbens	Candida_freyschussii	Yarrowia_lipolytica	BIDPenicillium_camemberti	Wickerhamomyces_hampshirensis	Arxula_adeninivorans	APTPenicillium_biforme	Wickerhamomyces_canadensis	Candida_apicola	BQTPenicillium_fuscoglaucum	Candida_azyma	Starmerella_bombicola	BPHPenicillium_polonicum	Wickerhamomyces_alni	Geotrichum_candidum_CLIB918	BPGPenicillium_solitum	Barnettozyma_pratensis	Saprochaete_clavata	BKQPenicillium_freii	Barnettozyma_salicaria	Babjeviella_inositovora	BPKPenicillium_nordicum	Phaffomyces_thermotolerans	Candida_tenuis	BNLPenicillium_verrucosum	Candida_orba	Hyphopichia_burtonii	BLRPenicillium_digitatum	Phaffomyces_opuntiae	Candida_auris	BPFPenicillium_italicum	Phaffomyces_antillensis	Clavispora_lusitaniae	AQRPenicillium_expansum	Candida_montana	Metschnikowia_bicuspidata	AIFPenicillium_carneum	Barnettozyma_californica	Metschnikowia_fructicola	BLTPenicillium_roqueforti	Barnettozyma_populi	Candida_tanzawaensis	BQRPenicillium_paneum	Barnettozyma_hawaiiensis	Scheffersomyces_stipitis	AINPenicillium_rubens	Wickerhamomyces_bovis	Spathaspora_arborariae	BQEPenicillium_chrysogenum	Wickerhamomyces_ciferrii	Spathaspora_passalidarum	BQSPenicillium_flavigenum	Wickerhamomyces_anomalus	Candida_maltosa	BFKPenicillium_nalgiovense	Starmera_amethionina	Candida_sojae	BQMPenicillium_vulpinum	Candida_stellimalicola	Candida_tropicalis	BPTPenicillium_griseofulvum	Starmera_quercuum	Candida_dubliniensis	BPBPenicillium_coprophilum	Candida_ponderosae	Candida_albicans	BNVPenicillium_antarcticum	Eremothecium_coryli	Lodderomyces_elongisporus	ABQPenicillium_capsulatum	Eremothecium_sinecaudum	Candida_parapsilosis	ABRPenicillium_arizonense	Eremothecium_cymbalariae	Candida_orthopsilosis	BKIXeromyces_bisporus	Eremothecium_gossypii	Debaryomyces_hansenii	SACE_YAMMonascus_ruber	Ashbya_aceri	Meyerozyma_guilliermondii	ABETalaromyces_occitanis	Kluyveromyces_lactis	Meyerozyma_caribbica	AGLTalaromyces_marneffei	Kluyveromyces_dobzhanskii	Pachysolen_tannophilus	BFCBasipetospora_chlamydospora	Kluyveromyces_marxianus	Komagataella_pastoris	SACE_YDNTrichoderma_reesei	Kluyveromyces_aestuarii	Kuraishia_capsulata	SACE_YDLNeurospora_crassa	Lachancea_nothofagi	Candida_boidinii	ABCUncinocarpus_reesii	Lachancea_meyersii	Dekkera_bruxellensis	SACE_YBMCoccidioides_posadasii	Lachancea_fantastica	Brettanomyces_anomalus	SACE_YDKCoccidioides_immitis	Lachancea_lanzarotensis	Pichia_membranifaciens	SACE_YCKMicrosporum_canis	Lachancea_dasiensis	Pichia_kudriavzevii	SACE_YCJTrichophyton_rubrum	Lachancea_quebecensis	Candida_arabinofermentans	CELParacoccidioides_brasiliensis	Lachancea_thermotolerans	Hansenula_polymorpha	CEKHistoplasma_capsulatum	Lachancea_waltii	Ogataea_parapolymorpha	BEFPenicilliopsis_zonata	Lachancea_mirantina	Ascoidea_rubescens	BHSAspergillus_chevalieri	Lachancea_fermentati	Wickerhamomyces_ciferrii	BHRAspergillus_cristatus	Lachancea_cidri	Wickerhamomyces_anomalus	BHQAspergillus_ruber	Lachancea_kluyveri	Cyberlindnera_fabianii	BHPAspergillus_glaucus	Torulaspora_microellipsoides	Cyberlindnera_jadinii	CHMAspergillus_wentii	Torulaspora_maleeae	Hanseniaspora_vineae	CGKAspergillus_fumigatus	Torulaspora_delbrueckii	Hanseniaspora_uvarum	BRGAspergillus_fischeri	Torulaspora_franciscae	Hanseniaspora_valbyensis	CGQAspergillus_lentulus	Torulaspora_pretoriensis	Lachancea_kluyveri	ALKAspergillus_novofumigatus	Zygotorulaspora_florentina	Lachancea_lanzarotensis	ALAAspergillus_udagawae	Zygotorulaspora_mrakii	Lachancea_waltii	ALHAspergillus_turcosus	Zygosaccharomyces_rouxii	Lachancea_thermotolerans	ALCAspergillus_thermomutatus	Zygosaccharomyces_kombuchaensis	Eremothecium_coryli	AKRAspergillus_clavatus	Zygosaccharomyces_bisporus	Eremothecium_cymbalariae	ALBAspergillus_tubingensis	Zygosaccharomyces_bailii	Eremothecium_gossypii	SACE_YDAAspergillus_ochraceoroseus	Naumovozyma_dairenensis	Ashbya_aceri	ADHAspergillus_awamori	Naumovozyma_castellii	Kluyveromyces_aestuarii	ACKAspergillus_kawachii	Kazachstania_siamensis	Kluyveromyces_wickerhamii	ABBAspergillus_luchuensis	Kazachstania_unispora	Kluyveromyces_marxianus	AKLAspergillus_niger	Kazachstania_solicola	Kluyveromyces_dobzhanskii	ACMAspergillus_brasiliensis	Kazachstania_aerobia	Kluyveromyces_lactis	BEHAspergillus_carbonarius	Kazachstania_transvaalensis	Naumovozyma_castellii	AQSAspergillus_aculeatus	Kazachstania_yakushimaensis	Naumovozyma_dairenensis	CGRAspergillus_delacroxii	Kazachstania_taianensis	Kazachstania_africana	CGGAspergillus_nidulans	Kazachstania_naganishii	Kazachstania_naganishii	CGPAspergillus_sydowii	Kazachstania_bromeliacearum	Nakaseomyces_castellii	CGNAspergillus_versicolor	Kazachstania_intestinalis	Nakaseomyces_bacillisporus	CGIAspergillus_calidoustus	Kazachstania_martiniae	Candida_glabrata	CEVAspergillus_ustus	Kazachstania_africana	Nakaseomyces_bracarensis	AEPAspergillus_rambellii	Kazachstania_viticola	Nakaseomyces_delphensis	AGGAspergillus_steynii	Kazachstania_turicensis	Nakaseomyces_nivariensis	AFHAspergillus_westerdijkiae	Kazachstania_kunashirensis	Saccharomyces_arboricola	CGLAspergillus_persii	Kazachstania_spencerorum	Saccharomyces_kudriavzevii	AHQAspergillus_sclerotiorum	Kazachstania_rosinii	Saccharomyces_mikatae	CQRAspergillus_flavus	Saccharomyces_paradoxus	Saccharomyces_paradoxus	CQQAspergillus_oryzae	Saccharomyces_cerevisiae	Saccharomyces_cerevisiae	CLKAspergillus_arachidicola	Saccharomyces_mikatae	Saccharomyces_uvarum	CLVAspergillus_parasiticus	Saccharomyces_kudriavzevii	Saccharomyces_eubayanus	AVLAspergillus_sojae	Saccharomyces_arboricola	Tetrapisispora_blattae	CMBAspergillus_nomius	Saccharomyces_uvarum	Vanderwaltozyma_polyspora	CMMAspergillus_bombycis	Saccharomyces_eubayanus	Tetrapisispora_phaffii	CML	Nakaseomyces_nivariensis	Torulaspora_delbrueckii	CLR	Nakaseomyces_delphensis	Zygosaccharomyces_bailii	CLL	Nakaseomyces_bracarensis	Zygosaccharomyces_rouxii	CME	Candida_glabrata		CLS	Nakaseomyces_bacillisporus		CLT	Nakaseomyces_castellii		AVM	Tetrapisispora_namnaonensis		AVD	Tetrapisispora_fleetii		APE	Tetrapisispora_phaffii		APF	Tetrapisispora_iriomotensis		CMC	Vanderwaltozyma_polyspora		CLP	Tetrapisispora_blattae		CMD	Yueomyces_sinensis		AVC	Hanseniaspora_singularis		APD	Hanseniaspora_valbyensis		APC	Kloeckera_hatyaiensis		CMN	Hanseniaspora_uvarum		CLM	Hanseniaspora_clermontiae		AQN	Hanseniaspora_pseudoguilliermondii		ANS	Hanseniaspora_osmophila		AAD	Hanseniaspora_vinae		CMI	Ascoidea_asiatica		CMF	Ascoidea_rubescens		ADN	Saccharomycopsis_capsularis		ANV	Saccharomycopsis_malanga		ANR	Diddensiella_caesifluorescens		ANT	Spencermartinsiella_europaea		BTS	Sugiyamaella_lignohabitans		APA	Zygoascus_meyerae		AFM	Zygoascus_ofunaensis		ADQ	Candida_salmanticensis		AFN	Blastobotrys_proliferans		CLN	Blastobotrys_nivea		CLQ	Blastobotrys_mokoenaii		CMK	Blastobotrys_raffinofermentans		CLI	Arxula_adeninivorans		ARM	Blastobotrys_peoriensis		CMH	Blastobotrys_americana		AEF	Blastobotrys_serpentis		ARP	Blastobotrys_muscicola		CKR	Candida_infanticola		CEP	Wickerhamiella_cacticola		CGH	Wickerhamiella_domercqiae		ASM	Candida_apicola		SACE_YCN	Starmerella_bombicola		SACE_YDE	Candida_versatilis		SACE_YCM	Deakozyma_indianensis		ARG	Candida_incommunis		AGR	Saprochaete_clavata		CDA	Magnusiomyces_tetrasperma		CCV	Geotrichum_candidum		CCT	Dipodascus_geniculatus		AHH	Dipodascus_albidus		AFK	Middelhovenomyces_tepae		ARI	Yarrowia_divulgata		ARH	Yarrowia_deformans		SACE_YDI	Yarrowia_lipolytica		CDP	Yarrowia_keelungensis		ADG	Yarrowia_bubula		CMS	Candida_hispaniensis		SACE_YCO	Nadsonia_fulvescens_var_elongata		BBR	Nadsonia_fulvescens		SACE_YCU	Lipomyces_suomiensis		SACE_YBS	Lipomyces_oligophaga		AKN	Lipomyces_mesembrius		ANI	Lipomyces_arxii		ANK	Lipomyces_starkeyi		AND	Lipomyces_kononenkoae		ANG	Lipomyces_doorenjongii		ANE	Lipomyces_japonicus		ANC	Lipomyces_lipofer		ANH	Xylona_heveae		ANF	Coccidioides_immitis		ACD	Aspergillus_nidulans		AVI	Stagonospora_nodorum		CDB	Botrytis_cinerea		BEG	Sclerotinia_sclerotiorum		CCP	Neurospora_crassa		CEH	Fusarium_graminearum		AMF	Arthrobotrys_oligospora		AMD	Schizosaccharomyces_pombe		CDI	Saitoella_complicata		CDH	Botryozyma_nematodophila		CDG	Tortispora_caseinolytica		CDF	Tortispora_ganteri		SACE_YCW	Tortispora_starmeri		SACE_GAS	Trigonopsis_vinaria		CDQ	Trigonopsis_variabilis		AMC	Alloascoidea_hylecoeti		AMB	Sporopachydermia_lactativora		BFL	Sporopachydermia_quercuum		BFA	Ogataea_kodamae		CDN	Ogataea_polymorpha		SACE_YCX	Ogataea_parapolymorpha		SACE_GAT	Ogataea_philodendra		CMQ	Ogataea_minuta		CCI	Ogataea_nonfermentans		CCG	Ogataea_henricii		CCF	Ogataea_pini		CCE	Ogataea_glucozyma		CCD	Ogataea_zsoltii		CCC	Ogataea_trehaloabstinens		ACC	Ogataea_populiabae		CCH	Ogataea_nitratoaversa		CMP	Ogataea_pilisensis		BAP	Ogataea_trehalophila		BAN	Ogataea_methanolica		AMM	Candida_arabinofermentans		SACE_YCB	Ambrosiozyma_philentoma		ABL	Ambrosiozyma_ambrosiae		SACE_YCY	Ambrosiozyma_oregonensis		SACE_MAL	Ambrosiozyma_monospora		BMC	Ambrosiozyma_kashinagacola		BMB	Ambrosiozyma_pseudovanderkliftii		AKM	Ambrosiozyma_vanderkliftii		BMA	Ambrosiozyma_maleeae		SACE_YCR	Pichia_heedii		CDL	Pichia_nakasei		CCN	Pichia_norvegensis		ACQ	Pichia_kudriavzevii		BAI	Pichia_occidentalis		BAK	Pichia_exigua		CCS	Pichia_membranifaciens		CCR	Candida_sorboxylosa		CCQ	Pichia_terricola		CEI	Saturnispora_saitoi		CEG	Saturnispora_zaruensis		AMH	Saturnispora_dispora		BAL	Saturnispora_serradocipensis		BAH	Saturnispora_hagleri		BAG	Saturnispora_mendoncae		BAQ	Saturnispora_silvae		BAM	Martiniozyma_abiesophila		SACE_YCV	Kregervanrija_fluxuum		SACE_YBP	Kregervanrija_delftensis		ATP	Brettanomyces_anomalus		APR	Dekkera_bruxellensis		APQ	Brettanomyces_custersianus		AKH	Candida_succiphila		AKE	Ogataea_naganishii		AKC	Ogataea_ramenticola		AKD	Ogataea_methylivora		AKB	Candida_boidinii		ADF	Kuraishia_capsulata		SACE_YAC	Kuraishia_molischiana		AKG	Kuraishia_ogatae		ADV	Citeromyces_siamensis		AHS	Citeromyces_hawaiiensis		CQB	Citeromyces_matritensis		CQA	Komagataella_populi		CPT	Komagataella_pseudopastoris		CPS	Komagataella_pastoris		SACE_GAL	Peterozyma_xylosa		CFA	Peterozyma_toletana		BAF	Nakazawaea_peltata		BAE	Nakazawaea_holstii		BAC	Pachysolen_tannophilus		BAD	Babjeviella_inositovora		BAA	Cephaloascus_albidus		AVV	Cephaloascus_fragrans		BAB	Candida_schatavii		CEQ	Candida_fragi		ACL	Kurtzmaniella_cleridarum		SACE_YCS	Candida_carpophila		ACI	Meyerozyma_caribbica		BDM	Meyerozyma_guilliermondii		CRE	Candida_athensensis		CMG	Candida_ascalaphidarum		CHP	Candida_gorgasii		CHN	Candida_tammaniensis		BBT	Yamadazyma_nakazawae		CID	Yamadazyma_philogaea		CIF	Candida_tenuis		CEM	Yamadazyma_scolyti		CDK	Candida_homilentoma		CIC	Hyphopichia_burtonii		SACE_YBU	Hyphopichia_heimii		AFG	Candida_rhagii		AEI	Candida_gotoi		SACE_YAL	Danielozyma_ontarioensis		ABF	Metschnikowia_similis		CIH	Metschnikowia_dekortum		AGT	Metschnikowia_bowlesiae		BPA	Metschnikowia_arizonensis		BIE	Metschnikowia_hamakuensis		ATB	Metschnikowia_mauinuiana		BTB	Metschnikowia_hawaiiensis		ARB	Metschnikowia_kamakouana		ARA	Metschnikowia_matae		AEE	Metschnikowia_matae_maris		AEL	Metschnikowia_lockheadii		ALR	Metschnikowia_santaceciliae		CHQ	Metschnikowia_cerradonensis		BDG	Metschnikowia_continentalis		BDF	Metschnikowia_ipomoeae		BDC	Metschnikowia_borealis		BTA	Metschnikowia_proteae		CIK	Metschnikowia_drakensbergensis		CII	Metschnikowia_shivogae		AHA	Metschnikowia_aberdeeniae		AAG	Metschnikowia_hibisci		CIL	Metschnikowia_kipukae		CIG	Candida_hawaiiana		CKN	Metschnikowia_bicuspidata		BMF	Candida_golubevii		CPC	Candida_wancherniae		CDE	Candida_intermedia		CDD	Candida_blattae		CDC	Clavispora_lusitaniae		BBL	Candida_fructus		ANA	Candida_oregonensis		ATD	Candida_heveicola		ATC	Candida_auris		ABD	Candida_gatunensis		CHT	Candida_cretensis		CHS	Candida_kruisii		SACE_YDH	Wickerhamia_fluorescens		AGP	Candida_pyralidae		CKA	Candida_tanzawaensis		SACE_MAB	Candida_canberraensis		ADK	Candida_emberorum		SACE_YBT	Kodamaea_ohmeri		SACE_YBL	Candida_restingae		SACE_YBK	Kodamaea_laetipori		SACE_YBJ	Aciculoconidium_aculeatum		SACE_YAW	Candida_parapsilosis		CEN	Candida_orthopsilosis		SACE_YAK	Lodderomyces_elongisporus		ABG	Candida_corydali		AAT	Candida_dubliniensis		AAS	Candida_albicans		SACE_YAV	Candida_tropicalis		ABA	Candida_sojae		SACE_YAU	Spathaspora_hagerdaliae		ABK	Spathaspora_gorwiae		SACE_YAR	Spathaspora_arborariae		SACE_YAQ	Spathaspora_girioi		SACE_YAP	Spathaspora_passalidarum		BRV	Scheffersomyces_stipitis		AAV	Scheffersomyces_lignosus		BMD	Priceomyces_medius		BSK	Priceomyces_haplophilus		SACE_YAT	Priceomyces_castillae		ABI	Priceomyces_carsonii		SACE_YDG	Millerozyma_acaciae		CGB	Debaryomyces_maramus		BTI	Debaryomyces_nepalensis		SACE_YBZ	Debaryomyces_subglobosus		SACE_YAN	Debaryomyces_fabryi		ABH	Debaryomyces_prosopidis		ALG			AKS			AKQ			CQP			CQN			CQF			CQK			CQE			CQM			ANN			CQL			CQH			CQI			CQG			CQD			CQC			CLG			SACE_YCH			SACE_YCE			SACE_GAV			ADT			BRL			ACB			ACA			CBM			ATE			ADA			AKI			CBL			CBK			ACN			BMQ			CNC			CGC			BRQ			BBG			ASH			AEB			BSI			BRP			AQT			CFM			CFD			AEC			CFH			CFG			CBR			AAC			ATV			AGB			CFC			AGC			AFS			AAH			SACE_YCG			SACE_YAX			SACE_YBV			SACE_YCL			ADE			CPA			BBM			CQS			BND			BEE			BMR			BCK			BEB			BDQ			BNC			BEA			BCN			BDS			BCP			BCH			BNA			BMV			BDR			BNB			BDV			BCQ			BCE			BED			BEC			BCC			BCI			BDP			BCD			BCL			BCF			BDT			BCM			BCB			BCG			ALI			CPR			CPN			CPQ			CPL			CPK			CPM			CPI			SACE_YBW			CLA			CKS			CKK			CBF			BMM			BTE			BML			CHR			CHG			AKT			ADM			BTD			BFG			BFE			BFM			BDL			ADL			CHH			CHK			CFN			CFI			AEV			APL			CHI			AAN			BBE			BBD			ALP			ALN			AAP			BBF			CFP			AMN			BBC			ALV			ABV			BTC			AGE			AGK			BCT			BCS			BCR			ASP			BTF			ASL			API			APM			AFC			ATR			AFE			AQI			AFT			AEM			CIE			APN			APK			AMQ			AMG			AMI			AML			AMK			ADP			CHL			BMG			CDR			BBP			ATS			AHV			ANP			AAM			AAL			AFF			SACE_YCZ			SACE_MAA			BHI			BHH			BHG			SACE_YCC			SACE_YCT			BDK			BDI			BDH			BDE			BDA			BDD			BDB			BCV			AER			CFT			SACE_YCF			CDM			AFQ			SACE_YDD			ARE			AIG			CPD			APP			ASB			AAQ			SACE_YAG			AEQ			BRM			AEA			AAR			SACE_YAB			AQH			AFP			AFA			AFB			CFF			AQG			CBN			AAB			SACE_YDB			BPN			BPI			CET			CER			CES			BDN			BHA			BEN			BEI			BEM			BEK			AVT			AVS			AVR			AVQ			AVP			AVN			ANM			ANL			ASC			AEN			AFL			CKV			BGQ			BGC			BGN			BGH			BGV			BGT			BGA			BFV			BGL			BGE			BFT			ARR			BGG			BGF			BGB			BFS			ALD			BGI			BGD			BGS			BGK			ASN			BGR			BFH			BGP			BGM			ARN			ARS			BME			BFN			AQM			CLD			CLB			CLC			BTG			BFP			BBS			BBQ			CCL			SACE_YBQ			AHB			CNV			BVE			CNT			CNS			BVF			BVD			CNL			CNE			BVG			CNB			CNF			CNN			BVH			CNH			CNI			BVB			CNR			CNP			CNM			APG			CNK			CNG			CMT			BVA			BTV			APH			BTT			AHC			AFD			AEH			CNQ			AGM			AEG			BVC			AFR			CHV			ACH			ACG			BHK			BHL			SACE_YCI			ACS			CPB			AMP			AHF			ASV			BHT			BHM			BHD			BHE			AST			AGN			SACE_YDM			SACE_YAE			AIE			AID			SACE_YBR			BRK			AHL			CGE			CGD			ATQ			AQD			AQA			AHM			ABM			CPG			CDT			AVB			SACE_YDJ			ASR			BTP			BTR			BSS			BSR			SACE_YAF			AIC			ART			AFV			CBD			CAV			CBC			CAT			CAR			CAS			AIB			AAE			CBE			CBB			CAQ			CAM			CAD			BVV			CAC			CAA			BVT			AIA			BPR			AFI			AES			AHK			AQC			CAP			CAB			CAN			AIP			BPL			ASA			AQP			AQE			AEK			AET			AHP			AAK			BHB			CHF			CFB			AIM			BNG			CPF			BIR			ABP			BRH			AQB			BIT			BRB			BQP			ALE			AKV			AKP			ACV			ACT			SACE_YCA			BSG			AHN			CLH			BIK			AVK			ANQ			CEF			CDV			BLN			BLP			BKS			CED			BNN			CEE			BLC			BNH			CEC			BKR			BLD			BNT			CEB			CEA			BLF			CRK			CQV			BVM			CRI			CRD			BQG			BLV			BNI			BIQ			BIP			ABS			BIL			CKT			CIV			AMT			BCA			CIP			CKM			CKG			CKF			CIR			CIN			CIM			CIQ			CKC			CKB			CKQ			CKP			CIT			BMN			CIS			CKE			CKD			CKH			CKL			CKI			ARL			BLL			BKF			BKG			BIF			BKM			AHI			CHE			CHA			CGV			CHD			CHB			CGS			CHC			CRB			CRA			BKP			BPM			BKH			CBH			BNQ			BKN			BNP			BKD			BLS			BKC			BIH			ACR			BNM			ADS			BQQ			BKA			BIN			BIM			CDS			SACE_YBH			SACE_YBG			SACE_YBB			ADD			BMH			SACE_YBF			BMK			SACE_YBE			BMI			SACE_YAZ			SACE_YBA			ADI			SACE_YAY			BBA			CRL			CAF			CAE			BAV			BBB			BHN			CRC			BPV			BRE			BQC			BLM			CPE			BSN			BSM			BRF			CFE			BVK			BBV			BLK			BIC			BRA			ABT			AMR			BQB			ADB			BLE			AMS			AIL			CRG			BLH			BKE			BPC			AGS			AGA			BQI			AGV			BRD			BAT			BAS			BAR			BNF			AIT			AIR			BIG			BIS			BII			SACE_YCQ			SACE_YCP			ADC			BSB			CFR			CFQ			BSC			ADR			BSA			CQT			ATM			BSD			ASS			BST			BET			BEV			CFS			AAA			BSE			SACE_YBX			BSL			CAL			CAK			CAI			CBA			CAH			AIK			BEQ			BQH			BNR			BNK			SACE_YBO			ATN			AHT			BSP			SACE_YAA			CRH			BTL			BTN			BPP			BLB			BHF			BHC			ARV			AAI			SACE_GAP			SACE_YDC			CFV			APV			SACE_YBN			ARQ			ATA			ARK			BES			BER			ARC			APS			SACE_YCD			ACF			CBG			CIB			BFR			CIA			BFQ			ATH			BTH			AGH			SACE_YAD			AHR			AVH			ALM			ALL			CGT			BRC			BEP			CCM			CBI			BQN			BPQ			BBH			ALS			BFD			BFB			BBK			ALT			BBI			ALQ			AMA			BQA			ACP			BLI			BLG			AIQ			ASE			ASD			ASG			AQQ			AHE			AGF			AHD			AII			AHG